QUERY PLAN,"TEST RESULTS AFTER INDEXING create index users_organization_id
on users(organization_id);"
Nested Loop  (cost=5.08..977.22 rows=193 width=28) (actual time=0.088..1.301 rows=237.00 loops=1),
  Buffers: shared hit=346,
  ->  Nested Loop  (cost=4.79..91.08 rows=29 width=24) (actual time=0.074..0.204 rows=35.00 loops=1),
        Buffers: shared hit=40,
        ->  Index Scan using organization_pkey on organization o  (cost=0.28..8.29 rows=1 width=12) (actual time=0.019..0.022 rows=1.00 loops=1),
              Index Cond: (organization_id = 10),
              Index Searches: 1,
              Buffers: shared hit=3,
        ->  Bitmap Heap Scan on users u  (cost=4.51..82.50 rows=29 width=20) (actual time=0.047..0.151 rows=35.00 loops=1),
              Recheck Cond: (organization_id = 10),
              Heap Blocks: exact=35,
              Buffers: shared hit=37,
              ->  Bitmap Index Scan on users_organization_id  (cost=0.00..4.50 rows=29 width=0) (actual time=0.016..0.016 rows=35.00 loops=1),
                    Index Cond: (organization_id = 10),
                    Index Searches: 1,
                    Buffers: shared hit=2,
  ->  Index Scan using activity_user_id on activity_logs a  (cost=0.29..30.49 rows=7 width=12) (actual time=0.008..0.027 rows=6.77 loops=35),
        Index Cond: (user_id = u.user_id),
        Index Searches: 35,
        Buffers: shared hit=306,
Planning:,
  Buffers: shared hit=12,
Planning Time: 0.766 ms,
Execution Time: 1.407 ms,
